dateday,year,month,weekday,windspeed,count
2011-01-01,2011,Jan,weekend,0.160446,985
2011-01-02,2011,Jan,weekend,0.248539,801
2011-01-03,2011,Jan,weekday,0.248309,1349
2011-01-04,2011,Jan,weekday,0.160296,1562
2011-01-05,2011,Jan,weekday,0.1869,1600
2011-01-06,2011,Jan,weekday,0.0895652,1606
2011-01-07,2011,Jan,weekday,0.168726,1510
2011-01-08,2011,Jan,weekend,0.266804,959
2011-01-09,2011,Jan,weekend,0.36195,822
2011-01-10,2011,Jan,weekday,0.223267,1321
2011-01-11,2011,Jan,weekday,0.122132,1263
2011-01-12,2011,Jan,weekday,0.304627,1162
2011-01-13,2011,Jan,weekday,0.301,1406
2011-01-14,2011,Jan,weekday,0.126548,1421
2011-01-15,2011,Jan,weekend,0.157963,1248
2011-01-16,2011,Jan,weekend,0.188433,1204
2011-01-17,2011,Jan,weekday,0.194017,1000
2011-01-18,2011,Jan,weekday,0.146775,683
2011-01-19,2011,Jan,weekday,0.208317,1650
2011-01-20,2011,Jan,weekday,0.195904,1927
2011-01-21,2011,Jan,weekday,0.353242,1543
2011-01-22,2011,Jan,weekend,0.17197,981
2011-01-23,2011,Jan,weekend,0.2466,986
2011-01-24,2011,Jan,weekday,0.15833,1416
2011-01-25,2011,Jan,weekday,0.129796,1985
2011-01-26,2011,Jan,weekday,0.29385,506
2011-01-27,2011,Jan,weekday,0.113837,431
2011-01-28,2011,Jan,weekday,0.1233,1167
2011-01-29,2011,Jan,weekend,0.145365,1098
2011-01-30,2011,Jan,weekend,0.0739826,1096
2011-01-31,2011,Jan,weekday,0.187192,1501
2011-02-01,2011,Feb,weekday,0.053213,1360
2011-02-02,2011,Feb,weekday,0.264308,1526
2011-02-03,2011,Feb,weekday,0.277752,1550
2011-02-04,2011,Feb,weekday,0.127839,1708
2011-02-05,2011,Feb,weekend,0.161079,1005
2011-02-06,2011,Feb,weekend,0.1418,1623
2011-02-07,2011,Feb,weekday,0.0454083,1712
2011-02-08,2011,Feb,weekday,0.36195,1530
2011-02-09,2011,Feb,weekday,0.188839,1605
2011-02-10,2011,Feb,weekday,0.221935,1538
2011-02-11,2011,Feb,weekday,0.10855,1746
2011-02-12,2011,Feb,weekend,0.203367,1472
2011-02-13,2011,Feb,weekend,0.260883,1589
2011-02-14,2011,Feb,weekday,0.417908,1913
2011-02-15,2011,Feb,weekday,0.291374,1815
2011-02-16,2011,Feb,weekday,0.251791,2115
2011-02-17,2011,Feb,weekday,0.230104,2475
2011-02-18,2011,Feb,weekday,0.264925,2927
2011-02-19,2011,Feb,weekend,0.507463,1635
2011-02-20,2011,Feb,weekend,0.223235,1812
2011-02-21,2011,Feb,weekday,0.307846,1107
2011-02-22,2011,Feb,weekday,0.195683,1450
2011-02-23,2011,Feb,weekday,0.094113,1917
2011-02-24,2011,Feb,weekday,0.250496,1807
2011-02-25,2011,Feb,weekday,0.346539,1461
2011-02-26,2011,Feb,weekend,0.186571,1969
2011-02-27,2011,Feb,weekend,0.125248,2402
2011-02-28,2011,Feb,weekday,0.289686,1446
2011-03-01,2011,Mar,weekday,0.216425,1851
2011-03-02,2011,Mar,weekday,0.307833,2134
2011-03-03,2011,Mar,weekday,0.225754,1685
2011-03-04,2011,Mar,weekday,0.203346,1944
2011-03-05,2011,Mar,weekend,0.251871,2077
2011-03-06,2011,Mar,weekend,0.343287,605
2011-03-07,2011,Mar,weekday,0.341352,1872
2011-03-08,2011,Mar,weekday,0.12065,2133
2011-03-09,2011,Mar,weekday,0.22015,1891
2011-03-10,2011,Mar,weekday,0.261877,623
2011-03-11,2011,Mar,weekday,0.23297,1977
2011-03-12,2011,Mar,weekend,0.220775,2132
2011-03-13,2011,Mar,weekend,0.270604,2417
2011-03-14,2011,Mar,weekday,0.136926,2046
2011-03-15,2011,Mar,weekday,0.184309,2056
2011-03-16,2011,Mar,weekday,0.203117,2192
2011-03-17,2011,Mar,weekday,0.209579,2744
2011-03-18,2011,Mar,weekday,0.231017,3239
2011-03-19,2011,Mar,weekend,0.368167,3117
2011-03-20,2011,Mar,weekend,0.207721,2471
2011-03-21,2011,Mar,weekday,0.288783,2077
2011-03-22,2011,Mar,weekday,0.22575,2703
2011-03-23,2011,Mar,weekday,0.234261,2121
2011-03-24,2011,Mar,weekday,0.243787,1865
2011-03-25,2011,Mar,weekday,0.230725,2210
2011-03-26,2011,Mar,weekend,0.209571,2496
2011-03-27,2011,Mar,weekend,0.1843,1693
2011-03-28,2011,Mar,weekday,0.212204,2028
2011-03-29,2011,Mar,weekday,0.226996,2425
2011-03-30,2011,Mar,weekday,0.172888,1536
2011-03-31,2011,Mar,weekday,0.217646,1685
2011-04-01,2011,Apr,weekday,0.258708,2227
2011-04-02,2011,Apr,weekend,0.197146,2252
2011-04-03,2011,Apr,weekend,0.182213,3249
2011-04-04,2011,Apr,weekday,0.385571,3115
2011-04-05,2011,Apr,weekday,0.388067,1795
2011-04-06,2011,Apr,weekday,0.263063,2808
2011-04-07,2011,Apr,weekday,0.162312,3141
2011-04-08,2011,Apr,weekday,0.226992,1471
2011-04-09,2011,Apr,weekend,0.133083,2455
2011-04-10,2011,Apr,weekend,0.146767,2895
2011-04-11,2011,Apr,weekday,0.324474,3348
2011-04-12,2011,Apr,weekday,0.274879,2034
2011-04-13,2011,Apr,weekday,0.250617,2162
2011-04-14,2011,Apr,weekday,0.1107,3267
2011-04-15,2011,Apr,weekday,0.226375,3126
2011-04-16,2011,Apr,weekend,0.340808,795
2011-04-17,2011,Apr,weekend,0.303496,3744
2011-04-18,2011,Apr,weekday,0.163567,3429
2011-04-19,2011,Apr,weekday,0.157971,3204
2011-04-20,2011,Apr,weekday,0.241925,3944
2011-04-21,2011,Apr,weekday,0.325258,4189
2011-04-22,2011,Apr,weekday,0.219521,1683
2011-04-23,2011,Apr,weekend,0.230725,4036
2011-04-24,2011,Apr,weekend,0.192175,4191
2011-04-25,2011,Apr,weekday,0.185333,4073
2011-04-26,2011,Apr,weekday,0.3265,4400
2011-04-27,2011,Apr,weekday,0.3122,3872
2011-04-28,2011,Apr,weekday,0.320908,4058
2011-04-29,2011,Apr,weekday,0.240063,4595
2011-04-30,2011,Apr,weekend,0.235075,5312
2011-05-01,2011,May,weekend,0.106354,3351
2011-05-02,2011,May,weekday,0.183454,4401
2011-05-03,2011,May,weekday,0.342667,4451
2011-05-04,2011,May,weekday,0.328996,2633
2011-05-05,2011,May,weekday,0.295392,4433
2011-05-06,2011,May,weekday,0.228246,4608
2011-05-07,2011,May,weekend,0.16045,4714
2011-05-08,2011,May,weekend,0.0746375,4333
2011-05-09,2011,May,weekday,0.176,4362
2011-05-10,2011,May,weekday,0.115671,4803
2011-05-11,2011,May,weekday,0.120642,4182
2011-05-12,2011,May,weekday,0.189667,4864
2011-05-13,2011,May,weekday,0.179725,4105
2011-05-14,2011,May,weekend,0.13495,3409
2011-05-15,2011,May,weekend,0.152979,4553
2011-05-16,2011,May,weekday,0.126871,3958
2011-05-17,2011,May,weekday,0.277354,4123
2011-05-18,2011,May,weekday,0.201492,3855
2011-05-19,2011,May,weekday,0.108213,4575
2011-05-20,2011,May,weekday,0.125013,4917
2011-05-21,2011,May,weekend,0.12065,5805
2011-05-22,2011,May,weekend,0.148008,4660
2011-05-23,2011,May,weekday,0.233842,4274
2011-05-24,2011,May,weekday,0.207092,4492
2011-05-25,2011,May,weekday,0.154233,4978
2011-05-26,2011,May,weekday,0.199642,4677
2011-05-27,2011,May,weekday,0.240679,4679
2011-05-28,2011,May,weekend,0.230092,4758
2011-05-29,2011,May,weekend,0.213938,4788
2011-05-30,2011,May,weekday,0.131225,4098
2011-05-31,2011,May,weekday,0.111329,3982
2011-06-01,2011,Jun,weekday,0.207092,3974
2011-06-02,2011,Jun,weekday,0.292287,4968
2011-06-03,2011,Jun,weekday,0.253121,5312
2011-06-04,2011,Jun,weekend,0.123142,5342
2011-06-05,2011,Jun,weekend,0.138692,4906
2011-06-06,2011,Jun,weekday,0.121896,4548
2011-06-07,2011,Jun,weekday,0.187808,4833
2011-06-08,2011,Jun,weekday,0.136817,4401
2011-06-09,2011,Jun,weekday,0.149883,3915
2011-06-10,2011,Jun,weekday,0.140554,4586
2011-06-11,2011,Jun,weekend,0.15485,4966
2011-06-12,2011,Jun,weekend,0.163567,4460
2011-06-13,2011,Jun,weekday,0.30535,5020
2011-06-14,2011,Jun,weekday,0.269283,4891
2011-06-15,2011,Jun,weekday,0.167912,5180
2011-06-16,2011,Jun,weekday,0.206471,3767
2011-06-17,2011,Jun,weekday,0.143029,4844
2011-06-18,2011,Jun,weekend,0.119408,5119
2011-06-19,2011,Jun,weekend,0.102,4744
2011-06-20,2011,Jun,weekday,0.155475,4010
2011-06-21,2011,Jun,weekday,0.171025,4835
2011-06-22,2011,Jun,weekday,0.172262,4507
2011-06-23,2011,Jun,weekday,0.238804,4790
2011-06-24,2011,Jun,weekday,0.222025,4991
2011-06-25,2011,Jun,weekend,0.209571,5202
2011-06-26,2011,Jun,weekend,0.0945333,5305
2011-06-27,2011,Jun,weekday,0.107588,4708
2011-06-28,2011,Jun,weekday,0.144283,4648
2011-06-29,2011,Jun,weekday,0.261821,5225
2011-06-30,2011,Jun,weekday,0.185312,5515
2011-07-01,2011,Jul,weekday,0.102608,5362
2011-07-02,2011,Jul,weekend,0.115062,5119
2011-07-03,2011,Jul,weekend,0.228858,4649
2011-07-04,2011,Jul,weekday,0.0814792,6043
2011-07-05,2011,Jul,weekday,0.126258,4665
2011-07-06,2011,Jul,weekday,0.149883,4629
2011-07-07,2011,Jul,weekday,0.1592,4592
2011-07-08,2011,Jul,weekday,0.225129,4040
2011-07-09,2011,Jul,weekend,0.167912,5336
2011-07-10,2011,Jul,weekend,0.183471,4881
2011-07-11,2011,Jul,weekday,0.282337,4086
2011-07-12,2011,Jul,weekday,0.200254,4258
2011-07-13,2011,Jul,weekday,0.146133,4342
2011-07-14,2011,Jul,weekday,0.240667,5084
2011-07-15,2011,Jul,weekday,0.182833,5538
2011-07-16,2011,Jul,weekend,0.208342,5923
2011-07-17,2011,Jul,weekend,0.245033,5302
2011-07-18,2011,Jul,weekday,0.215804,4458
2011-07-19,2011,Jul,weekday,0.1306,4541
2011-07-20,2011,Jul,weekday,0.113817,4332
2011-07-21,2011,Jul,weekday,0.222021,3784
2011-07-22,2011,Jul,weekday,0.1331,3387
2011-07-23,2011,Jul,weekend,0.131221,3285
2011-07-24,2011,Jul,weekend,0.169171,3606
2011-07-25,2011,Jul,weekday,0.0908083,3840
2011-07-26,2011,Jul,weekday,0.200258,4590
2011-07-27,2011,Jul,weekday,0.183463,4656
2011-07-28,2011,Jul,weekday,0.178479,4390
2011-07-29,2011,Jul,weekday,0.174138,3846
2011-07-30,2011,Jul,weekend,0.168537,4475
2011-07-31,2011,Jul,weekend,0.164813,4302
2011-08-01,2011,Aug,weekday,0.156717,4266
2011-08-02,2011,Aug,weekday,0.20585,4845
2011-08-03,2011,Aug,weekday,0.135583,3574
2011-08-04,2011,Aug,weekday,0.19715,4576
2011-08-05,2011,Aug,weekday,0.184696,4866
2011-08-06,2011,Aug,weekend,0.22825,4294
2011-08-07,2011,Aug,weekend,0.201487,3785
2011-08-08,2011,Aug,weekday,0.192175,4326
2011-08-09,2011,Aug,weekday,0.151121,4602
2011-08-10,2011,Aug,weekday,0.200258,4780
2011-08-11,2011,Aug,weekday,0.164796,4792
2011-08-12,2011,Aug,weekday,0.125621,4905
2011-08-13,2011,Aug,weekend,0.211454,4150
2011-08-14,2011,Aug,weekend,0.222633,3820
2011-08-15,2011,Aug,weekday,0.208954,4338
2011-08-16,2011,Aug,weekday,0.236329,4725
2011-08-17,2011,Aug,weekday,0.143667,4694
2011-08-18,2011,Aug,weekday,0.233208,3805
2011-08-19,2011,Aug,weekday,0.139308,4153
2011-08-20,2011,Aug,weekend,0.104467,5191
2011-08-21,2011,Aug,weekend,0.248754,3873
2011-08-22,2011,Aug,weekday,0.27675,4758
2011-08-23,2011,Aug,weekday,0.146763,5895
2011-08-24,2011,Aug,weekday,0.253108,5130
2011-08-25,2011,Aug,weekday,0.210833,3542
2011-08-26,2011,Aug,weekday,0.0839625,4661
2011-08-27,2011,Aug,weekend,0.375617,1115
2011-08-28,2011,Aug,weekend,0.304659,4334
2011-08-29,2011,Aug,weekday,0.159825,4634
2011-08-30,2011,Aug,weekday,0.125008,5204
2011-08-31,2011,Aug,weekday,0.0833333,5058
2011-09-01,2011,Sep,weekday,0.141796,5115
2011-09-02,2011,Sep,weekday,0.139929,4727
2011-09-03,2011,Sep,weekend,0.185325,4484
2011-09-04,2011,Sep,weekend,0.206467,4940
2011-09-05,2011,Sep,weekday,0.212696,3351
2011-09-06,2011,Sep,weekday,0.343943,2710
2011-09-07,2011,Sep,weekday,0.0970208,1996
2011-09-08,2011,Sep,weekday,0.192748,1842
2011-09-09,2011,Sep,weekday,0.124379,3544
2011-09-10,2011,Sep,weekend,0.153608,5345
2011-09-11,2011,Sep,weekend,0.115054,5046
2011-09-12,2011,Sep,weekday,0.088913,4713
2011-09-13,2011,Sep,weekday,0.141804,4763
2011-09-14,2011,Sep,weekday,0.1673,4785
2011-09-15,2011,Sep,weekday,0.271146,3659
2011-09-16,2011,Sep,weekday,0.164183,4760
2011-09-17,2011,Sep,weekend,0.189675,4511
2011-09-18,2011,Sep,weekend,0.178483,4274
2011-09-19,2011,Sep,weekday,0.151742,4539
2011-09-20,2011,Sep,weekday,0.134954,3641
2011-09-21,2011,Sep,weekday,0.0964042,4352
2011-09-22,2011,Sep,weekday,0.128125,4795
2011-09-23,2011,Sep,weekday,0.0783667,2395
2011-09-24,2011,Sep,weekend,0.0783833,5423
2011-09-25,2011,Sep,weekend,0.0503792,5010
2011-09-26,2011,Sep,weekday,0.1107,4630
2011-09-27,2011,Sep,weekday,0.118171,4120
2011-09-28,2011,Sep,weekday,0.148629,3907
2011-09-29,2011,Sep,weekday,0.172883,4839
2011-09-30,2011,Sep,weekday,0.206475,5202
2011-10-01,2011,Oct,weekend,0.292296,2429
2011-10-02,2011,Oct,weekend,0.222013,2918
2011-10-03,2011,Oct,weekday,0.0833458,3570
2011-10-04,2011,Oct,weekday,0.205854,4456
2011-10-05,2011,Oct,weekday,0.17725,4826
2011-10-06,2011,Oct,weekday,0.134954,4765
2011-10-07,2011,Oct,weekday,0.0223917,4985
2011-10-08,2011,Oct,weekend,0.0454042,5409
2011-10-09,2011,Oct,weekend,0.06345,5511
2011-10-10,2011,Oct,weekday,0.0423042,5117
2011-10-11,2011,Oct,weekday,0.143042,4563
2011-10-12,2011,Oct,weekday,0.24815,2416
2011-10-13,2011,Oct,weekday,0.141787,2913
2011-10-14,2011,Oct,weekday,0.223883,3644
2011-10-15,2011,Oct,weekend,0.258083,5217
2011-10-16,2011,Oct,weekend,0.281717,5041
2011-10-17,2011,Oct,weekday,0.175379,4570
2011-10-18,2011,Oct,weekday,0.110087,4748
2011-10-19,2011,Oct,weekday,0.243339,2424
2011-10-20,2011,Oct,weekday,0.422275,4195
2011-10-21,2011,Oct,weekday,0.221396,4304
2011-10-22,2011,Oct,weekend,0.0926667,4308
2011-10-23,2011,Oct,weekend,0.0995125,4381
2011-10-24,2011,Oct,weekday,0.118792,4187
2011-10-25,2011,Oct,weekday,0.166658,4687
2011-10-26,2011,Oct,weekday,0.148642,3894
2011-10-27,2011,Oct,weekday,0.197763,2659
2011-10-28,2011,Oct,weekday,0.229479,3747
2011-10-29,2011,Oct,weekend,0.351371,627
2011-10-30,2011,Oct,weekend,0.176617,3331
2011-10-31,2011,Oct,weekday,0.10635,3669
2011-11-01,2011,Nov,weekday,0.135571,4068
2011-11-02,2011,Nov,weekday,0.0820917,4186
2011-11-03,2011,Nov,weekday,0.136817,3974
2011-11-04,2011,Nov,weekday,0.271779,4046
2011-11-05,2011,Nov,weekend,0.189062,3926
2011-11-06,2011,Nov,weekend,0.0920542,3649
2011-11-07,2011,Nov,weekday,0.057225,4035
2011-11-08,2011,Nov,weekday,0.0690375,4205
2011-11-09,2011,Nov,weekday,0.0621958,4109
2011-11-10,2011,Nov,weekday,0.189067,2933
2011-11-11,2011,Nov,weekday,0.314675,3368
2011-11-12,2011,Nov,weekend,0.212062,4067
2011-11-13,2011,Nov,weekend,0.281721,3717
2011-11-14,2011,Nov,weekday,0.306596,4486
2011-11-15,2011,Nov,weekday,0.199633,4195
2011-11-16,2011,Nov,weekday,0.136829,1817
2011-11-17,2011,Nov,weekday,0.305362,3053
2011-11-18,2011,Nov,weekday,0.168533,3392
2011-11-19,2011,Nov,weekend,0.224496,3663
2011-11-20,2011,Nov,weekend,0.18595,3520
2011-11-21,2011,Nov,weekday,0.138054,2765
2011-11-22,2011,Nov,weekday,0.118792,1607
2011-11-23,2011,Nov,weekday,0.335825,2566
2011-11-24,2011,Nov,weekday,0.167304,1495
2011-11-25,2011,Nov,weekday,0.0988958,2792
2011-11-26,2011,Nov,weekend,0.0684208,3068
2011-11-27,2011,Nov,weekend,0.208954,3071
2011-11-28,2011,Nov,weekday,0.142122,3867
2011-11-29,2011,Nov,weekday,0.258092,2914
2011-11-30,2011,Nov,weekday,0.271158,3613
2011-12-01,2011,Dec,weekday,0.220158,3727
2011-12-02,2011,Dec,weekday,0.100754,3940
2011-12-03,2011,Dec,weekend,0.0957833,3614
2011-12-04,2011,Dec,weekend,0.0839583,3485
2011-12-05,2011,Dec,weekday,0.0622083,3811
2011-12-06,2011,Dec,weekday,0.232583,2594
2011-12-07,2011,Dec,weekday,0.266175,705
2011-12-08,2011,Dec,weekday,0.240058,3322
2011-12-09,2011,Dec,weekday,0.0827167,3620
2011-12-10,2011,Dec,weekend,0.233221,3190
2011-12-11,2011,Dec,weekend,0.0665417,2743
2011-12-12,2011,Dec,weekday,0.06345,3310
2011-12-13,2011,Dec,weekday,0.14055,3523
2011-12-14,2011,Dec,weekday,0.0609583,3740
2011-12-15,2011,Dec,weekday,0.268042,3709
2011-12-16,2011,Dec,weekday,0.260575,3577
2011-12-17,2011,Dec,weekend,0.243167,2739
2011-12-18,2011,Dec,weekend,0.169779,2431
2011-12-19,2011,Dec,weekday,0.172896,3403
2011-12-20,2011,Dec,weekday,0.0615708,3750
2011-12-21,2011,Dec,weekday,0.2214,2660
2011-12-22,2011,Dec,weekday,0.047275,3068
2011-12-23,2011,Dec,weekday,0.274246,2209
2011-12-24,2011,Dec,weekend,0.190304,1011
2011-12-25,2011,Dec,weekend,0.155091,754
2011-12-26,2011,Dec,weekday,0.239465,1317
2011-12-27,2011,Dec,weekday,0.18845,1162
2011-12-28,2011,Dec,weekday,0.293961,2302
2011-12-29,2011,Dec,weekday,0.119412,2423
2011-12-30,2011,Dec,weekday,0.134337,2999
2011-12-31,2011,Dec,weekend,0.220154,2485
2012-01-01,2012,Jan,weekend,0.192167,2294
2012-01-02,2012,Jan,weekday,0.329665,1951
2012-01-03,2012,Jan,weekday,0.365671,2236
2012-01-04,2012,Jan,weekday,0.1847,2368
2012-01-05,2012,Jan,weekday,0.129987,3272
2012-01-06,2012,Jan,weekday,0.167908,4098
2012-01-07,2012,Jan,weekend,0.174758,4521
2012-01-08,2012,Jan,weekend,0.191542,3425
2012-01-09,2012,Jan,weekday,0.0989,2376
2012-01-10,2012,Jan,weekday,0.187552,3598
2012-01-11,2012,Jan,weekday,0.131221,2177
2012-01-12,2012,Jan,weekday,0.180967,4097
2012-01-13,2012,Jan,weekday,0.378108,3214
2012-01-14,2012,Jan,weekend,0.187183,2493
2012-01-15,2012,Jan,weekend,0.251258,2311
2012-01-16,2012,Jan,weekday,0.231358,2298
2012-01-17,2012,Jan,weekday,0.34913,2935
2012-01-18,2012,Jan,weekday,0.415429,3376
2012-01-19,2012,Jan,weekday,0.220158,3292
2012-01-20,2012,Jan,weekday,0.20275,3163
2012-01-21,2012,Jan,weekend,0.222642,1301
2012-01-22,2012,Jan,weekend,0.199638,1977
2012-01-23,2012,Jan,weekday,0.110708,2432
2012-01-24,2012,Jan,weekday,0.123767,4339
2012-01-25,2012,Jan,weekday,0.161071,4270
2012-01-26,2012,Jan,weekday,0.0733958,4075
2012-01-27,2012,Jan,weekday,0.342667,3456
2012-01-28,2012,Jan,weekend,0.210829,4023
2012-01-29,2012,Jan,weekend,0.24005,3243
2012-01-30,2012,Jan,weekday,0.215792,3624
2012-01-31,2012,Jan,weekday,0.261817,4509
2012-02-01,2012,Feb,weekday,0.189067,4579
2012-02-02,2012,Feb,weekday,0.187187,3761
2012-02-03,2012,Feb,weekday,0.178496,4151
2012-02-04,2012,Feb,weekend,0.121896,2832
2012-02-05,2012,Feb,weekend,0.175996,2947
2012-02-06,2012,Feb,weekday,0.1538,3784
2012-02-07,2012,Feb,weekday,0.147379,4375
2012-02-08,2012,Feb,weekday,0.133721,2802
2012-02-09,2012,Feb,weekday,0.194037,3830
2012-02-10,2012,Feb,weekday,0.116929,3831
2012-02-11,2012,Feb,weekend,0.289796,2169
2012-02-12,2012,Feb,weekend,0.409212,1529
2012-02-13,2012,Feb,weekday,0.167283,3422
2012-02-14,2012,Feb,weekday,0.141179,3922
2012-02-15,2012,Feb,weekday,0.1816,4169
2012-02-16,2012,Feb,weekday,0.091425,3005
2012-02-17,2012,Feb,weekday,0.205846,4154
2012-02-18,2012,Feb,weekend,0.190929,4318
2012-02-19,2012,Feb,weekend,0.253112,2689
2012-02-20,2012,Feb,weekday,0.229083,3129
2012-02-21,2012,Feb,weekday,0.205717,3777
2012-02-22,2012,Feb,weekday,0.234471,4773
2012-02-23,2012,Feb,weekday,0.190913,5062
2012-02-24,2012,Feb,weekday,0.237567,3487
2012-02-25,2012,Feb,weekend,0.421642,2732
2012-02-26,2012,Feb,weekend,0.205229,3389
2012-02-27,2012,Feb,weekday,0.268033,4322
2012-02-28,2012,Feb,weekday,0.193417,4363
2012-02-29,2012,Feb,weekday,0.179117,1834
2012-03-01,2012,Mar,weekday,0.226987,4990
2012-03-02,2012,Mar,weekday,0.144904,3194
2012-03-03,2012,Mar,weekend,0.161079,4066
2012-03-04,2012,Mar,weekend,0.334571,3423
2012-03-05,2012,Mar,weekday,0.228858,3333
2012-03-06,2012,Mar,weekday,0.200875,3956
2012-03-07,2012,Mar,weekday,0.345779,4916
2012-03-08,2012,Mar,weekday,0.441563,5382
2012-03-09,2012,Mar,weekday,0.4148,4569
2012-03-10,2012,Mar,weekend,0.22575,4118
2012-03-11,2012,Mar,weekend,0.222587,4911
2012-03-12,2012,Mar,weekday,0.207713,5298
2012-03-13,2012,Mar,weekday,0.23695,5847
2012-03-14,2012,Mar,weekday,0.115062,6312
2012-03-15,2012,Mar,weekday,0.149883,6192
2012-03-16,2012,Mar,weekday,0.113192,4378
2012-03-17,2012,Mar,weekend,0.110704,7836
2012-03-18,2012,Mar,weekend,0.126883,5892
2012-03-19,2012,Mar,weekday,0.162317,6153
2012-03-20,2012,Mar,weekday,0.121271,6093
2012-03-21,2012,Mar,weekday,0.0895583,6230
2012-03-22,2012,Mar,weekday,0.117562,6871
2012-03-23,2012,Mar,weekday,0.1163,8362
2012-03-24,2012,Mar,weekend,0.192783,3372
2012-03-25,2012,Mar,weekend,0.220775,4996
2012-03-26,2012,Mar,weekday,0.386821,5558
2012-03-27,2012,Mar,weekday,0.187192,5102
2012-03-28,2012,Mar,weekday,0.291671,5698
2012-03-29,2012,Mar,weekday,0.31965,6133
2012-03-30,2012,Mar,weekday,0.138067,5459
2012-03-31,2012,Mar,weekend,0.250617,6235
2012-04-01,2012,Apr,weekend,0.172267,6041
2012-04-02,2012,Apr,weekday,0.312139,5936
2012-04-03,2012,Apr,weekday,0.100133,6772
2012-04-04,2012,Apr,weekday,0.180975,6436
2012-04-05,2012,Apr,weekday,0.219529,6457
2012-04-06,2012,Apr,weekday,0.300388,6460
2012-04-07,2012,Apr,weekend,0.274871,6857
2012-04-08,2012,Apr,weekend,0.232596,5169
2012-04-09,2012,Apr,weekday,0.358196,5585
2012-04-10,2012,Apr,weekday,0.249375,5918
2012-04-11,2012,Apr,weekday,0.295274,4862
2012-04-12,2012,Apr,weekday,0.290429,5409
2012-04-13,2012,Apr,weekday,0.155471,6398
2012-04-14,2012,Apr,weekend,0.190917,7460
2012-04-15,2012,Apr,weekend,0.225129,7132
2012-04-16,2012,Apr,weekday,0.284829,6370
2012-04-17,2012,Apr,weekday,0.273629,6691
2012-04-18,2012,Apr,weekday,0.167912,4367
2012-04-19,2012,Apr,weekday,0.0659292,6565
2012-04-20,2012,Apr,weekday,0.149871,7290
2012-04-21,2012,Apr,weekend,0.283587,6624
2012-04-22,2012,Apr,weekend,0.344546,1027
2012-04-23,2012,Apr,weekday,0.303496,3214
2012-04-24,2012,Apr,weekday,0.249383,5633
2012-04-25,2012,Apr,weekday,0.118792,6196
2012-04-26,2012,Apr,weekday,0.176625,5026
2012-04-27,2012,Apr,weekday,0.347633,6233
2012-04-28,2012,Apr,weekend,0.129975,4220
2012-04-29,2012,Apr,weekend,0.116908,6304
2012-04-30,2012,Apr,weekday,0.171638,5572
2012-05-01,2012,May,weekday,0.156096,5740
2012-05-02,2012,May,weekday,0.138058,6169
2012-05-03,2012,May,weekday,0.133696,6421
2012-05-04,2012,May,weekday,0.162938,6296
2012-05-05,2012,May,weekend,0.152992,6883
2012-05-06,2012,May,weekend,0.149879,6359
2012-05-07,2012,May,weekday,0.230721,6273
2012-05-08,2012,May,weekday,0.296029,5728
2012-05-09,2012,May,weekday,0.216412,4717
2012-05-10,2012,May,weekday,0.314063,6572
2012-05-11,2012,May,weekday,0.236937,7030
2012-05-12,2012,May,weekend,0.123133,7429
2012-05-13,2012,May,weekend,0.225117,6118
2012-05-14,2012,May,weekday,0.212692,2843
2012-05-15,2012,May,weekday,0.147392,5115
2012-05-16,2012,May,weekday,0.122512,7424
2012-05-17,2012,May,weekday,0.229475,7384
2012-05-18,2012,May,weekday,0.136817,7639
2012-05-19,2012,May,weekend,0.083975,8294
2012-05-20,2012,May,weekend,0.254367,7129
2012-05-21,2012,May,weekday,0.233204,4359
2012-05-22,2012,May,weekday,0.118167,6073
2012-05-23,2012,May,weekday,0.102,5260
2012-05-24,2012,May,weekday,0.172896,6770
2012-05-25,2012,May,weekday,0.14055,6734
2012-05-26,2012,May,weekend,0.198992,6536
2012-05-27,2012,May,weekend,0.215171,6591
2012-05-28,2012,May,weekday,0.196521,6043
2012-05-29,2012,May,weekday,0.2954,5743
2012-05-30,2012,May,weekday,0.134329,6855
2012-05-31,2012,May,weekday,0.195279,7338
2012-06-01,2012,Jun,weekday,0.237563,4127
2012-06-02,2012,Jun,weekend,0.186562,8120
2012-06-03,2012,Jun,weekend,0.184087,7641
2012-06-04,2012,Jun,weekday,0.284833,6998
2012-06-05,2012,Jun,weekday,0.209575,7001
2012-06-06,2012,Jun,weekday,0.077125,7055
2012-06-07,2012,Jun,weekday,0.15735,7494
2012-06-08,2012,Jun,weekday,0.175383,7736
2012-06-09,2012,Jun,weekend,0.144287,7498
2012-06-10,2012,Jun,weekend,0.133721,6598
2012-06-11,2012,Jun,weekday,0.207713,6664
2012-06-12,2012,Jun,weekday,0.214546,4972
2012-06-13,2012,Jun,weekday,0.343279,7421
2012-06-14,2012,Jun,weekday,0.253733,7363
2012-06-15,2012,Jun,weekday,0.176617,7665
2012-06-16,2012,Jun,weekend,0.166667,7702
2012-06-17,2012,Jun,weekend,0.144904,6978
2012-06-18,2012,Jun,weekday,0.174746,5099
2012-06-19,2012,Jun,weekday,0.148017,6825
2012-06-20,2012,Jun,weekday,0.113812,6211
2012-06-21,2012,Jun,weekday,0.118787,5905
2012-06-22,2012,Jun,weekday,0.182842,5823
2012-06-23,2012,Jun,weekend,0.179721,7458
2012-06-24,2012,Jun,weekend,0.145525,6891
2012-06-25,2012,Jun,weekday,0.300383,6779
2012-06-26,2012,Jun,weekday,0.347642,7442
2012-06-27,2012,Jun,weekday,0.271775,7335
2012-06-28,2012,Jun,weekday,0.17165,6879
2012-06-29,2012,Jun,weekday,0.165417,5463
2012-06-30,2012,Jun,weekend,0.161071,5687
2012-07-01,2012,Jul,weekend,0.168529,5531
2012-07-02,2012,Jul,weekday,0.195267,6227
2012-07-03,2012,Jul,weekday,0.126237,6660
2012-07-04,2012,Jul,weekday,0.13495,7403
2012-07-05,2012,Jul,weekday,0.194029,6241
2012-07-06,2012,Jul,weekday,0.146142,6207
2012-07-07,2012,Jul,weekend,0.163554,4840
2012-07-08,2012,Jul,weekend,0.125629,4672
2012-07-09,2012,Jul,weekday,0.180975,6569
2012-07-10,2012,Jul,weekday,0.151737,6290
2012-07-11,2012,Jul,weekday,0.151733,7264
2012-07-12,2012,Jul,weekday,0.146775,7446
2012-07-13,2012,Jul,weekday,0.08085,7499
2012-07-14,2012,Jul,weekend,0.143679,6969
2012-07-15,2012,Jul,weekend,0.166667,6031
2012-07-16,2012,Jul,weekday,0.164187,6830
2012-07-17,2012,Jul,weekday,0.114429,6786
2012-07-18,2012,Jul,weekday,0.137442,5713
2012-07-19,2012,Jul,weekday,0.165429,6591
2012-07-20,2012,Jul,weekday,0.208967,5870
2012-07-21,2012,Jul,weekend,0.2133,4459
2012-07-22,2012,Jul,weekend,0.0939208,7410
2012-07-23,2012,Jul,weekday,0.138683,6966
2012-07-24,2012,Jul,weekday,0.211454,7592
2012-07-25,2012,Jul,weekday,0.1648,8173
2012-07-26,2012,Jul,weekday,0.284813,6861
2012-07-27,2012,Jul,weekday,0.152992,6904
2012-07-28,2012,Jul,weekend,0.15735,6685
2012-07-29,2012,Jul,weekend,0.170396,6597
2012-07-30,2012,Jul,weekday,0.153617,7105
2012-07-31,2012,Jul,weekday,0.165425,7216
2012-08-01,2012,Aug,weekday,0.141179,7580
2012-08-02,2012,Aug,weekday,0.129354,7261
2012-08-03,2012,Aug,weekday,0.215792,7175
2012-08-04,2012,Aug,weekend,0.257458,6824
2012-08-05,2012,Aug,weekend,0.290421,5464
2012-08-06,2012,Aug,weekday,0.129354,7013
2012-08-07,2012,Aug,weekday,0.116908,7273
2012-08-08,2012,Aug,weekday,0.1107,7534
2012-08-09,2012,Aug,weekday,0.1561,7286
2012-08-10,2012,Aug,weekday,0.238813,5786
2012-08-11,2012,Aug,weekend,0.206479,6299
2012-08-12,2012,Aug,weekend,0.122512,6544
2012-08-13,2012,Aug,weekday,0.136212,6883
2012-08-14,2012,Aug,weekday,0.169158,6784
2012-08-15,2012,Aug,weekday,0.169771,7347
2012-08-16,2012,Aug,weekday,0.141796,7605
2012-08-17,2012,Aug,weekday,0.231354,7148
2012-08-18,2012,Aug,weekend,0.177867,7865
2012-08-19,2012,Aug,weekend,0.08645,4549
2012-08-20,2012,Aug,weekday,0.129979,6530
2012-08-21,2012,Aug,weekday,0.0727708,7006
2012-08-22,2012,Aug,weekday,0.0702833,7375
2012-08-23,2012,Aug,weekday,0.0845958,7765
2012-08-24,2012,Aug,weekday,0.0721458,7582
2012-08-25,2012,Aug,weekend,0.244408,6053
2012-08-26,2012,Aug,weekend,0.228858,5255
2012-08-27,2012,Aug,weekday,0.128733,6917
2012-08-28,2012,Aug,weekday,0.190925,7040
2012-08-29,2012,Aug,weekday,0.112562,7697
2012-08-30,2012,Aug,weekday,0.0771167,7713
2012-08-31,2012,Aug,weekday,0.168533,7350
2012-09-01,2012,Sep,weekend,0.113187,6140
2012-09-02,2012,Sep,weekend,0.0640708,5810
2012-09-03,2012,Sep,weekday,0.151121,6034
2012-09-04,2012,Sep,weekday,0.236321,6864
2012-09-05,2012,Sep,weekday,0.187808,7112
2012-09-06,2012,Sep,weekday,0.142421,6203
2012-09-07,2012,Sep,weekday,0.171646,7504
2012-09-08,2012,Sep,weekend,0.281104,5976
2012-09-09,2012,Sep,weekend,0.224496,8227
2012-09-10,2012,Sep,weekday,0.258713,7525
2012-09-11,2012,Sep,weekday,0.0920542,7767
2012-09-12,2012,Sep,weekday,0.131846,7870
2012-09-13,2012,Sep,weekday,0.0827208,7804
2012-09-14,2012,Sep,weekday,0.103863,8009
2012-09-15,2012,Sep,weekend,0.247521,8714
2012-09-16,2012,Sep,weekend,0.0901833,7333
2012-09-17,2012,Sep,weekday,0.151742,6869
2012-09-18,2012,Sep,weekday,0.357587,4073
2012-09-19,2012,Sep,weekday,0.215175,7591
2012-09-20,2012,Sep,weekday,0.118167,7720
2012-09-21,2012,Sep,weekday,0.154229,8167
2012-09-22,2012,Sep,weekend,0.283583,8395
2012-09-23,2012,Sep,weekend,0.223258,7907
2012-09-24,2012,Sep,weekday,0.142404,7436
2012-09-25,2012,Sep,weekday,0.236321,7538
2012-09-26,2012,Sep,weekday,0.2444,7733
2012-09-27,2012,Sep,weekday,0.134342,7393
2012-09-28,2012,Sep,weekday,0.164179,7415
2012-09-29,2012,Sep,weekend,0.227604,8555
2012-09-30,2012,Sep,weekend,0.134958,6889
2012-10-01,2012,Oct,weekday,0.0908042,6778
2012-10-02,2012,Oct,weekday,0.104475,4639
2012-10-03,2012,Oct,weekday,0.0665458,7572
2012-10-04,2012,Oct,weekday,0.117546,7328
2012-10-05,2012,Oct,weekday,0.10635,8156
2012-10-06,2012,Oct,weekend,0.268025,7965
2012-10-07,2012,Oct,weekend,0.141162,3510
2012-10-08,2012,Oct,weekday,0.189679,5478
2012-10-09,2012,Oct,weekday,0.1903,6392
2012-10-10,2012,Oct,weekday,0.187821,7691
2012-10-11,2012,Oct,weekday,0.181596,7570
2012-10-12,2012,Oct,weekday,0.235092,7282
2012-10-13,2012,Oct,weekend,0.146142,7109
2012-10-14,2012,Oct,weekend,0.278612,6639
2012-10-15,2012,Oct,weekday,0.296037,5875
2012-10-16,2012,Oct,weekday,0.182221,7534
2012-10-17,2012,Oct,weekday,0.101371,7461
2012-10-18,2012,Oct,weekday,0.236937,7509
2012-10-19,2012,Oct,weekday,0.134954,5424
2012-10-20,2012,Oct,weekend,0.117537,8090
2012-10-21,2012,Oct,weekend,0.166054,6824
2012-10-22,2012,Oct,weekday,0.0814833,7058
2012-10-23,2012,Oct,weekday,0.0945458,7466
2012-10-24,2012,Oct,weekday,0.0727792,7693
2012-10-25,2012,Oct,weekday,0.124375,7359
2012-10-26,2012,Oct,weekday,0.132467,7444
2012-10-27,2012,Oct,weekend,0.235692,7852
2012-10-28,2012,Oct,weekend,0.398008,4459
2012-10-29,2012,Oct,weekday,0.3582,22
2012-10-30,2012,Oct,weekday,0.213009,1096
2012-10-31,2012,Oct,weekday,0.166667,5566
2012-11-01,2012,Nov,weekday,0.157346,5986
2012-11-02,2012,Nov,weekday,0.266175,5847
2012-11-03,2012,Nov,weekend,0.270529,5138
2012-11-04,2012,Nov,weekend,0.179108,5107
2012-11-05,2012,Nov,weekday,0.236325,5259
2012-11-06,2012,Nov,weekday,0.173513,5686
2012-11-07,2012,Nov,weekday,0.304108,5035
2012-11-08,2012,Nov,weekday,0.347835,5315
2012-11-09,2012,Nov,weekday,0.214558,5992
2012-11-10,2012,Nov,weekend,0.0578458,6536
2012-11-11,2012,Nov,weekend,0.1275,6852
2012-11-12,2012,Nov,weekday,0.173517,6269
2012-11-13,2012,Nov,weekday,0.342046,4094
2012-11-14,2012,Nov,weekday,0.199625,5495
2012-11-15,2012,Nov,weekday,0.152987,5445
2012-11-16,2012,Nov,weekday,0.171025,5698
2012-11-17,2012,Nov,weekend,0.179729,5629
2012-11-18,2012,Nov,weekend,0.227612,4669
2012-11-19,2012,Nov,weekday,0.235067,5499
2012-11-20,2012,Nov,weekday,0.082725,5634
2012-11-21,2012,Nov,weekday,0.103246,5146
2012-11-22,2012,Nov,weekday,0.0528708,2425
2012-11-23,2012,Nov,weekday,0.148021,3910
2012-11-24,2012,Nov,weekend,0.376871,2277
2012-11-25,2012,Nov,weekend,0.1505,2424
2012-11-26,2012,Nov,weekday,0.04665,5087
2012-11-27,2012,Nov,weekday,0.237562,3959
2012-11-28,2012,Nov,weekday,0.210821,5260
2012-11-29,2012,Nov,weekday,0.115522,5323
2012-11-30,2012,Nov,weekday,0.0584708,5668
2012-12-01,2012,Dec,weekend,0.0597042,5191
2012-12-02,2012,Dec,weekend,0.124379,4649
2012-12-03,2012,Dec,weekday,0.0827208,6234
2012-12-04,2012,Dec,weekday,0.174129,6606
2012-12-05,2012,Dec,weekday,0.324021,5729
2012-12-06,2012,Dec,weekday,0.174754,5375
2012-12-07,2012,Dec,weekday,0.1306,5008
2012-12-08,2012,Dec,weekend,0.101379,5582
2012-12-09,2012,Dec,weekend,0.157975,3228
2012-12-10,2012,Dec,weekday,0.190308,5170
2012-12-11,2012,Dec,weekday,0.296037,5501
2012-12-12,2012,Dec,weekday,0.162937,5319
2012-12-13,2012,Dec,weekday,0.174129,5532
2012-12-14,2012,Dec,weekday,0.131229,5611
2012-12-15,2012,Dec,weekend,0.10635,5047
2012-12-16,2012,Dec,weekend,0.100742,3786
2012-12-17,2012,Dec,weekday,0.0982583,4585
2012-12-18,2012,Dec,weekday,0.221404,5557
2012-12-19,2012,Dec,weekday,0.184092,5267
2012-12-20,2012,Dec,weekday,0.132463,4128
2012-12-21,2012,Dec,weekday,0.374383,3623
2012-12-22,2012,Dec,weekend,0.407346,1749
2012-12-23,2012,Dec,weekend,0.133083,1787
2012-12-24,2012,Dec,weekday,0.0772304,920
2012-12-25,2012,Dec,weekday,0.168726,1013
2012-12-26,2012,Dec,weekday,0.316546,441
2012-12-27,2012,Dec,weekday,0.350133,2114
2012-12-28,2012,Dec,weekday,0.155471,3095
2012-12-29,2012,Dec,weekend,0.124383,1341
2012-12-30,2012,Dec,weekend,0.350754,1796
2012-12-31,2012,Dec,weekday,0.154846,2729
